first_name,company,email,company_slug,outreach_link
"John","Acme Solar","john@acmesolar.com","acmesolar-k93h","https://demo.sunspiredemo.com/acmesolar-k93h"
"Sarah","Green Energy Co","sarah@greenenergyco.com","greenenergyco-xyz","https://demo.sunspiredemo.com/greenenergyco-xyz"
"Mike","SunPower Solutions","mike@sunpowersolutions.com","sunpowersolutions-abc","https://demo.sunspiredemo.com/sunpowersolutions-abc"
"Lisa","Eco Solar Works","lisa@ecosolarworks.com","ecosolarworks-def","https://demo.sunspiredemo.com/ecosolarworks-def"
"David","Bright Future Solar","david@brightfuturesolar.com","brightfuturesolar-ghi","https://demo.sunspiredemo.com/brightfuturesolar-ghi"
